First name,Last name,Email,Phone (US),Gender,Birthdate (MM/DD/YYYY),Address,City,State,ZIP Code,Note,Processed by automatic migration?,Last automatic migration error
Deborah,Morris,,21202191104,,12/24/1988,,,,,New client - referred by Dr. Johnson,No,
Emily,Sanchez,,48132381141,,09/05/1983,,,,,Interested in facial treatments,No,
Andrew,Evans,,91206159888,,10/27/1977,,,,,Gift card recipient,No,
Daniel,Adams,,85751083256,,06/21/1976,,,,,Interested in membership,No,
Emily,Smith,,65564368017,,01/19/1966,,,,,First-time client,No,
Carol,Williams,,77803045969,,08/08/1970,,,,,Sensitive skin,No,
George,Reed,,95381773648,,07/18/1961,,,,,,No,
George,Green,,,,04/09/1979,,,,,First-time client,No,
Amanda,Hall,,95954031344,,05/11/1979,,,,,Needs consultation first,No,
Kimberly,Thomas,,39309938496,,07/13/2000,,,,,Reschedule required,No,
Kimberly,Thomas,,93209414690,,12/24/1991,,,,,Referred by friend,No,
Brian,Walker,,,,03/09/1963,,,,,First-time client,No,
James,Brown,,83058911922,,07/04/1987,,,,,Reschedule required,No,
Betty,Walker,,36858971245,,12/02/1989,,,,,,No,
Betty,Thompson,,49411112006,,09/24/1996,,,,,Previous botox at competitor,No,
Michael,Perez,,,,11/04/1977,,,,,Previous botox at competitor,No,
Ashley,Hernandez,,,,12/16/1993,,,,,Prefers Dr. Smith,No,
Joshua,Thompson,,,,07/10/1962,,,,,VIP client,No,
Deborah,Green,,36744149778,,07/27/1971,,,,,New client - referred by Dr. Johnson,No,
Barbara,Edwards,,82109449008,,10/25/1996,,,,,First-time client,No,
Patricia,Sanchez,,33815395258,,11/06/1964,,,,,Interested in facial treatments,No,
David,Williams,,36321122149,,10/24/1975,,,,,Prefers afternoon appointments,No,
Joshua,Scott,,36458591873,,09/03/1961,,,,,Prefers afternoon appointments,No,
Joshua,Allen,,17101341241,,04/10/1997,,,,,Interested in membership,No,
Ashley,Thomas,,,,11/07/1981,,,,,Reschedule required,No,
Emily,Perez,,11711803106,,04/23/1974,,,,,Reschedule required,No,
Karen,Hill,,,,05/10/1982,,,,,New client - referred by Dr. Johnson,No,
Michael,Harris,,,,03/01/1996,,,,,New client - referred by Dr. Johnson,No,
Edward,Walker,,75387694641,,03/26/1979,,,,,First-time client,No,
John,Sanchez,,,,08/05/1978,,,,,Prefers Dr. Smith,No,
Andrew,Lee,,,,11/11/1975,,,,,Referred by friend,No,
Sarah,Clark,,13411486296,,02/23/1972,,,,,Interested in facial treatments,No,
James,Baker,,14837533664,,12/24/1965,,,,,Sensitive skin,No,
William,Martinez,,,,06/27/1979,,,,,First-time client,No,
Thomas,Hernandez,,49765946058,,06/21/1989,,,,,Prefers Dr. Smith,No,
Donald,Cook,,,,06/25/1970,,,,,Reschedule required,No,
Brian,Lewis,,54255315941,,03/19/1963,,,,,,No,
Nancy,Thomas,,85711146285,,03/01/1979,,,,,First-time client,No,
Ronald,Baker,,48095994170,,06/26/1996,,,,,New client - referred by Dr. Johnson,No,
Deborah,Thomas,,,,06/23/1977,,,,,Prefers afternoon appointments,No,
Melissa,Clark,,96987643940,,02/09/1971,,,,,,No,
Amanda,Campbell,Amanda.Campbell+589303@example.com,,,09/22/1968,,,,,,No,
Amanda,Gonzalez,Amanda.Gonzalez+730031@example.com,92608925271,,11/02/1996,,,,,Allergic to lidocaine,No,
Amanda,Harris,Amanda.Harris+808978@example.com,89482311719,,01/21/1971,,,,,Interested in membership,No,
Amanda,Martinez,Amanda.Martinez+603243@example.com,98783359549,,05/12/1988,,,,,Interested in membership,No,
Amanda,Turner,Amanda.Turner+758829@example.com,16142557884,,07/21/1985,,,,,Reschedule required,No,
Andrew,Hernandez,Andrew.Hernandez+973865@example.com,82347984949,,02/09/1980,,,,,Sensitive skin,No,
Andrew,Miller,Andrew.Miller+220513@example.com,,,09/05/1982,,,,,,No,
Andrew,Moore,Andrew.Moore+626878@example.com,,,03/03/1961,,,,,Needs consultation first,No,
Andrew,Morris,Andrew.Morris+610674@example.com,,,09/15/1976,,,,,Needs consultation first,No,
Andrew,Taylor,Andrew.Taylor+329944@example.com,,,03/01/1979,,,,,Reschedule required,No,
Anthony,Collins,Anthony.Collins+143915@example.com,,,09/11/1973,,,,,,No,
Anthony,Nelson,Anthony.Nelson+101819@example.com,44239727444,,05/01/1964,,,,,,No,
Ashley,Miller,Ashley.Miller+952647@example.com,,,02/01/1988,,,,,,No,
Ashley,Parker,Ashley.Parker+836130@example.com,,,01/15/1985,,,,,Allergic to lidocaine,No,
Ashley,Thomas,Ashley.Thomas+824707@example.com,84812801795,,05/28/1975,,,,,Referred by friend,No,
Ashley,Walker,Ashley.Walker+285423@example.com,11928545647,,05/08/2000,,,,,Interested in membership,No,
Ashley,Wilson,Ashley.Wilson+534024@example.com,,,02/11/1960,,,,,Prefers Dr. Smith,No,
Barbara,Jackson,Barbara.Jackson+749738@example.com,29078479520,,05/21/1963,,,,,Referred by friend,No,
Barbara,Walker,Barbara.Walker+395396@example.com,,,12/18/1969,,,,,Allergic to lidocaine,No,
Betty,Carter,Betty.Carter+114150@example.com,,,11/12/1960,,,,,Previous botox at competitor,No,
Betty,Collins,Betty.Collins+716486@example.com,95434311710,,07/23/1979,,,,,Referred by friend,No,
Betty,Lopez,Betty.Lopez+655208@example.com,61028399497,,01/08/1970,,,,,Sensitive skin,No,
Betty,Phillips,Betty.Phillips+610165@example.com,43188676526,,10/21/1995,,,,,Referred by friend,No,
Betty,Roberts,Betty.Roberts+726629@example.com,,,05/06/1982,,,,,Allergic to lidocaine,No,
Betty,White,Betty.White+751358@example.com,,,06/06/1982,,,,,Sensitive skin,No,
Betty,Wilson,Betty.Wilson+913694@example.com,,,07/02/1978,,,,,Needs consultation first,No,
Brian,Allen,Brian.Allen+726878@example.com,15169685068,,02/10/1962,,,,,Cancelled last appointment,No,
Brian,Davis,Brian.Davis+322735@example.com,25264191124,,01/25/1983,,,,,Interested in membership,No,
Brian,Hall,Brian.Hall+228582@example.com,84359951407,,07/20/1960,,,,,Allergic to lidocaine,No,
Brian,Hill,Brian.Hill+720851@example.com,96235244800,,03/16/1975,,,,,Interested in facial treatments,No,
Brian,White,Brian.White+750068@example.com,,,12/20/1964,,,,,New client - referred by Dr. Johnson,No,
Carol,Evans,Carol.Evans+536697@example.com,24465211789,,11/24/1981,,,,,Allergic to lidocaine,No,
Carol,Hernandez,Carol.Hernandez+358957@example.com,65185943362,,10/04/1966,,,,,First-time client,No,
Carol,Moore,Carol.Moore+310349@example.com,,,01/18/1962,,,,,Cancelled last appointment,No,
Carol,Rogers,Carol.Rogers+846743@example.com,,,08/26/1973,,,,,Prefers Dr. Smith,No,
Charles,Hill,Charles.Hill+266505@example.com,24341964163,,10/27/1997,,,,,Interested in membership,No,
Charles,Williams,Charles.Williams+648635@example.com,68224583202,,05/21/1964,,,,,Reschedule required,No,
Charles,Wilson,Charles.Wilson+298248@example.com,88479269518,,10/14/1998,,,,,First-time client,No,
Christopher,Harris,Christopher.Harris+200305@example.com,91622906840,,11/10/1968,,,,,Reschedule required,No,
Christopher,Martin,Christopher.Martin+973758@example.com,74054219105,,05/06/1978,,,,,Previous botox at competitor,No,
Christopher,Perez,Christopher.Perez+465204@example.com,,,08/18/1967,,,,,Prefers afternoon appointments,No,
Christopher,Rodriguez,Christopher.Rodriguez+163190@example.com,73486606872,,05/03/1993,,,,,New client - referred by Dr. Johnson,No,
Christopher,Rogers,Christopher.Rogers+492431@example.com,35449646269,,06/10/1980,,,,,Gift card recipient,No,
Christopher,Taylor,Christopher.Taylor+880701@example.com,76012198344,,01/18/1997,,,,,Prefers Dr. Smith,No,
Daniel,Adams,Daniel.Adams+317029@example.com,62932983670,,09/11/1994,,,,,Referred by friend,No,
Daniel,Campbell,Daniel.Campbell+616930@example.com,87199393031,,02/05/1982,,,,,Needs consultation first,No,
Daniel,Clark,Daniel.Clark+315306@example.com,62655419907,,06/01/1996,,,,,First-time client,No,
Daniel,Jones,Daniel.Jones+990645@example.com,65633033314,,08/27/1962,,,,,Sensitive skin,No,
Daniel,Miller,Daniel.Miller+267018@example.com,86057089104,,04/23/1996,,,,,Gift card recipient,No,
Daniel,Roberts,Daniel.Roberts+761262@example.com,,,08/08/1976,,,,,VIP client,No,
David,Scott,David.Scott+302808@example.com,,,07/09/1970,,,,,Cancelled last appointment,No,
David,Wright,David.Wright+442972@example.com,73798474543,,02/18/1974,,,,,Prefers Dr. Smith,No,
Deborah,Baker,Deborah.Baker+605920@example.com,,,06/16/1991,,,,,VIP client,No,
Deborah,Davis,Deborah.Davis+737675@example.com,78571269579,,08/21/1980,,,,,Needs consultation first,No,
Deborah,Garcia,Deborah.Garcia+977757@example.com,,,10/25/1963,,,,,Sensitive skin,No,
Deborah,Hall,Deborah.Hall+213770@example.com,41443673884,,01/13/1972,,,,,Previous botox at competitor,No,
Deborah,Jones,Deborah.Jones+332074@example.com,77306545981,,06/09/1968,,,,,,No,
Donald,Harris,Donald.Harris+885290@example.com,53577627421,,06/27/1963,,,,,First-time client,No,
Donald,Lee,Donald.Lee+960618@example.com,86975613330,,07/17/1968,,,,,Cancelled last appointment,No,
Donald,Scott,Donald.Scott+991218@example.com,63554486627,,12/03/1976,,,,,New client - referred by Dr. Johnson,No,
Donald,Wright,Donald.Wright+868646@example.com,25055406680,,05/13/1970,,,,,,No,
Donna,Hall,Donna.Hall+542199@example.com,,,04/03/1985,,,,,Interested in facial treatments,No,
Donna,Moore,Donna.Moore+819619@example.com,96764392444,,06/18/1968,,,,,Cancelled last appointment,No,
Donna,Reed,Donna.Reed+578744@example.com,74152053020,,09/06/1989,,,,,Referred by friend,No,
Donna,Scott,Donna.Scott+658848@example.com,,,08/27/1961,,,,,Allergic to lidocaine,No,
Donna,White,Donna.White+546094@example.com,,,02/06/1970,,,,,Sensitive skin,No,
Dorothy,Garcia,Dorothy.Garcia+866658@example.com,97222266244,,09/19/1988,,,,,VIP client,No,
Dorothy,Roberts,Dorothy.Roberts+346298@example.com,24593651115,,07/21/1975,,,,,Interested in facial treatments,No,
Dorothy,Rogers,Dorothy.Rogers+398635@example.com,78505769890,,03/21/1974,,,,,Needs consultation first,No,
Edward,Clark,Edward.Clark+916794@example.com,95713265160,,11/11/1986,,,,,Allergic to lidocaine,No,
Edward,Evans,Edward.Evans+245132@example.com,82035785195,,09/03/1967,,,,,First-time client,No,
Edward,Gonzalez,Edward.Gonzalez+853781@example.com,51714938520,,02/15/1995,,,,,Gift card recipient,No,
Edward,Jackson,Edward.Jackson+323898@example.com,23325101627,,09/17/1966,,,,,Prefers Dr. Smith,No,
Edward,Parker,Edward.Parker+529993@example.com,17246123803,,08/07/1969,,,,,Allergic to lidocaine,No,
Edward,Reed,Edward.Reed+142952@example.com,56797317511,,03/19/1978,,,,,Reschedule required,No,
Edward,Robinson,Edward.Robinson+394999@example.com,,,10/08/1998,,,,,Interested in facial treatments,No,
Edward,White,Edward.White+444301@example.com,35429053054,,01/20/1970,,,,,New client - referred by Dr. Johnson,No,
Elizabeth,Nelson,Elizabeth.Nelson+299503@example.com,53279481468,,05/25/1982,,,,,New client - referred by Dr. Johnson,No,
Elizabeth,Roberts,Elizabeth.Roberts+581916@example.com,,,04/21/1987,,,,,Sensitive skin,No,
Elizabeth,Walker,Elizabeth.Walker+632214@example.com,94915554431,,01/07/1995,,,,,Gift card recipient,No,
Elizabeth,Wright,Elizabeth.Wright+887210@example.com,,,08/25/1993,,,,,,No,
Emily,Lewis,Emily.Lewis+933849@example.com,64165054421,,06/25/1991,,,,,New client - referred by Dr. Johnson,No,
Emily,Lopez,Emily.Lopez+958878@example.com,32606923031,,12/02/1984,,,,,First-time client,No,
Emily,Martin,Emily.Martin+758149@example.com,65877686770,,08/06/2000,,,,,Interested in membership,No,
Emily,Mitchell,Emily.Mitchell+131537@example.com,49687682993,,08/05/1988,,,,,Interested in facial treatments,No,
Emily,Young,Emily.Young+511621@example.com,42376542016,,01/06/1989,,,,,Interested in membership,No,
George,Anderson,George.Anderson+266170@example.com,61239094171,,10/28/1963,,,,,Previous botox at competitor,No,
George,Sanchez,George.Sanchez+543045@example.com,,,09/21/1967,,,,,Prefers afternoon appointments,No,
James,Lee,James.Lee+201829@example.com,,,05/15/1968,,,,,Needs consultation first,No,
James,Morris,James.Morris+985149@example.com,54556796532,,03/06/1971,,,,,Gift card recipient,No,
Jason,Allen,Jason.Allen+941229@example.com,,,02/19/1965,,,,,Allergic to lidocaine,No,
Jason,Evans,Jason.Evans+392907@example.com,37619375564,,12/22/1969,,,,,,No,
Jason,Green,Jason.Green+300564@example.com,46019988716,,06/20/1979,,,,,New client - referred by Dr. Johnson,No,
Jason,Miller,Jason.Miller+831490@example.com,54642284074,,11/17/1961,,,,,Prefers Dr. Smith,No,
Jennifer,Anderson,Jennifer.Anderson+296121@example.com,78442755303,,04/06/1978,,,,,Gift card recipient,No,
Jennifer,Green,Jennifer.Green+137800@example.com,53541795516,,04/05/1978,,,,,Interested in facial treatments,No,
Jessica,Johnson,Jessica.Johnson+295059@example.com,77549756388,,03/10/1976,,,,,Interested in membership,No,
Jessica,Lopez,Jessica.Lopez+872126@example.com,29292755346,,10/27/1974,,,,,Prefers Dr. Smith,No,
Jessica,Williams,Jessica.Williams+632487@example.com,82014823261,,01/01/1989,,,,,First-time client,No,
John,Garcia,John.Garcia+741763@example.com,81272193928,,11/12/1983,,,,,Needs consultation first,No,
John,Lopez,John.Lopez+546425@example.com,27172351311,,02/15/1983,,,,,Cancelled last appointment,No,
John,Martin,John.Martin+656792@example.com,36638733130,,09/19/1964,,,,,Prefers afternoon appointments,No,
John,Wilson,John.Wilson+384463@example.com,82952901842,,02/07/1997,,,,,Prefers afternoon appointments,No,
Joseph,Green,Joseph.Green+467849@example.com,,,09/04/2000,,,,,Interested in facial treatments,No,
Joseph,Taylor,Joseph.Taylor+940490@example.com,54517099945,,10/13/1993,,,,,Reschedule required,No,
Joseph,Wilson,Joseph.Wilson+240571@example.com,46176619349,,09/13/1982,,,,,Prefers afternoon appointments,No,
Joshua,Edwards,Joshua.Edwards+626729@example.com,,,04/09/1973,,,,,Gift card recipient,No,
Joshua,Garcia,Joshua.Garcia+703201@example.com,95049567716,,03/14/1973,,,,,Gift card recipient,No,
Joshua,Jackson,Joshua.Jackson+244091@example.com,,,05/14/1994,,,,,VIP client,No,
Joshua,Smith,Joshua.Smith+611441@example.com,26636379041,,10/26/1961,,,,,First-time client,No,
Karen,Clark,Karen.Clark+334550@example.com,,,03/06/1969,,,,,Cancelled last appointment,No,
Karen,Walker,Karen.Walker+112303@example.com,16373122674,,07/11/1964,,,,,Interested in membership,No,
Kenneth,Allen,Kenneth.Allen+947396@example.com,,,05/07/1982,,,,,First-time client,No,
Kenneth,Clark,Kenneth.Clark+978004@example.com,93734775390,,02/26/1990,,,,,Interested in membership,No,
Kenneth,Lopez,Kenneth.Lopez+608380@example.com,26902204493,,04/13/1981,,,,,Reschedule required,No,
Kevin,Allen,Kevin.Allen+981678@example.com,,,12/20/1998,,,,,Gift card recipient,No,
Kevin,Anderson,Kevin.Anderson+292347@example.com,,,04/28/1997,,,,,Prefers Dr. Smith,No,
Kevin,Evans,Kevin.Evans+934449@example.com,98515105139,,01/21/1982,,,,,Reschedule required,No,
Kevin,Lopez,Kevin.Lopez+954048@example.com,,,06/17/1974,,,,,Needs consultation first,No,
Kevin,Parker,Kevin.Parker+746325@example.com,99947194347,,12/06/1960,,,,,Allergic to lidocaine,No,
Kevin,Perez,Kevin.Perez+356314@example.com,36575007575,,10/14/1961,,,,,Previous botox at competitor,No,
Kimberly,Thomas,Kimberly.Thomas+950918@example.com,,,05/22/1996,,,,,Needs consultation first,No,
Linda,Campbell,Linda.Campbell+604723@example.com,,,02/26/1973,,,,,Gift card recipient,No,
Linda,Reed,Linda.Reed+887480@example.com,23792685285,,09/07/1970,,,,,New client - referred by Dr. Johnson,No,
Linda,White,Linda.White+617913@example.com,61628031564,,09/15/1962,,,,,,No,
Linda,Young,Linda.Young+545166@example.com,99718482684,,06/18/1965,,,,,Referred by friend,No,
Lisa,Lee,Lisa.Lee+751446@example.com,44766849890,,09/14/1999,,,,,,No,
Lisa,Reed,Lisa.Reed+430393@example.com,,,10/12/1997,,,,,Prefers Dr. Smith,No,
Lisa,Turner,Lisa.Turner+640640@example.com,,,12/02/1963,,,,,Interested in facial treatments,No,
Morris,Deborah,MISSING,21202191104,,12/24/1988,"343 Cedar Ln, Apt. 437",Manchester,SC,97721,,No,
Sanchez,Emily,MISSING,48132381141,,09/05/1983,"4212 Forest Ave, Apt. 217",Springfield,SC,13307,,No,
Evans,Andrew,MISSING,91206159888,,10/27/1977,"7590 Main St, Apt. 226",Burlington,LA,18324,,No,
Daniel,Adams,MISSING,85751083256,,06/21/1976,3188 Pine St,Bristol,IA,92111,,No,
Emily,Smith,MISSING,65564368017,,01/19/1966,1516 Highland Ave,Dover,OH,78176,,No,
Carol,Williams,MISSING,77803045969,,08/08/1970,8502 Valley Rd,Clinton,MN,65114,,No,
Reed,George,MISSING,95381773648,,07/18/1961,5253 Highland Ave,Ashland,NH,73864,,No,
George,Green,MISSING,,,04/09/1979,1023 River Rd,Oxford,NM,83404,,No,
Hall,Amanda,MISSING,95954031344,,05/11/1979,"7029 Forest Ave, Apt. 5",Centerville,WA,35662,,No,
Kimberly,Thomas,MISSING,39309938496,,07/13/2000,"9311 Forest Ave, Apt. 872",Georgetown,IA,69924,,No,
Thomas,Kimberly,MISSING,93209414690,,12/24/1991,"8735 Valley Rd, Apt. 823",Greenville,NV,96326,,No,
Walker,Brian,MISSING,,,03/09/1963,2107 Elm Rd,Arlington,ID,27025,,No,
Brown,James,MISSING,83058911922,,07/04/1987,5476 Spring St,Lexington,LA,88130,,No,
Betty,Walker,MISSING,36858971245,,12/02/1989,9526 Meadow Ln,Franklin,AK,37656,,No,
Betty,Thompson,MISSING,49411112006,,09/24/1996,954 Pine St,Burlington,NJ,56266,,No,
Perez,Michael,MISSING,,,11/04/1977,7917 Highland Ave,Springfield,FL,39102,,No,
Ashley,Hernandez,MISSING,,,12/16/1993,"5340 Oak Ave, Apt. 242",Bristol,FL,72594,,No,
Joshua,Thompson,MISSING,,,07/10/1962,"8849 Highland Ave, Apt. 907",Burlington,MT,70385,,No,
Green,Deborah,MISSING,36744149778,,07/27/1971,4765 Valley Rd,Lexington,OH,78548,,No,
Barbara,Edwards,MISSING,82109449008,,10/25/1996,9674 Hill St,Manchester,WY,34514,,No,
Patricia,Sanchez,MISSING,33815395258,,11/06/1964,8453 Sunset Blvd,Springfield,MN,90057,,No,
David,Williams,MISSING,36321122149,,10/24/1975,4976 Hill St,Lebanon,OH,72298,,No,
Scott,Joshua,MISSING,36458591873,,09/03/1961,"1105 South Rd, Apt. 912",Lexington,UT,47392,,No,
Allen,Joshua,MISSING,17101341241,,04/10/1997,9713 North St,Georgetown,AZ,27017,,No,
Thomas,Ashley,MISSING,,,11/07/1981,1208 Lake View Dr,Clinton,AK,15228,,No,
Perez,Emily,MISSING,11711803106,,04/23/1974,4975 Forest Ave,Milton,KY,92684,,No,
Hill,Karen,MISSING,,,05/10/1982,"7790 Lake View Dr, Apt. 329",Greenville,NY,95749,,No,
Michael,Harris,MISSING,,,03/01/1996,"5718 Sunset Blvd, Apt. 408",Ashland,MI,61416,,No,
Walker,Edward,MISSING,75387694641,,03/26/1979,"2845 Washington Ave, Apt. 606",Madison,WV,52533,,No,
Sanchez,John,MISSING,,,08/05/1978,6647 Hill St,Burlington,OK,47826,,No,
Andrew,Lee,MISSING,,,11/11/1975,"9164 Lake View Dr, Apt. 696",Newport,PA,10303,,No,
Stewart,Sharon,MISSING,,,11/06/1987,"1517 Main St, Apt. 415",Bristol,OK,96963,,No,
Moore,Richard,MISSING,,,05/05/1973,5469 Elm Rd,Greenville,WY,31663,,No,
Davis,Mark,MISSING,31098899352,,06/09/1999,7860 Lake View Dr,Greenville,IL,42936,,No,
Thomas,Clark,MISSING,,,02/24/1981,1692 Oak Ave,Lexington,AK,53513,,No,
Garcia,Lisa,MISSING,79333875731,,11/03/2000,"7930 Hill St, Apt. 46",Burlington,FL,32221,,No,
Cook,Sandra,MISSING,,,08/13/1970,"3065 Meadow Ln, Apt. 879",Riverside,LA,55281,,No,
Brown,George,MISSING,,,06/26/1987,2487 Pine St,Fairview,WI,51456,,No,
Timothy,Cook,MISSING,39917056132,,10/07/1965,1337 Lake View Dr,Newport,CT,25842,,No,
Scott,Elizabeth,MISSING,31275093162,,12/08/1993,1987 Lake View Dr,Kingston,AR,73090,,No,
John,Miller,MISSING,51847128472,,04/14/1994,8039 Church St,Kingston,SD,50714,,No,
James,Sanchez,MISSING,28915356118,,08/03/1969,5119 Oak Ave,Springfield,NH,88245,,No,
Thomas,Morris,MISSING,38429868449,,09/08/1985,8541 Sunset Blvd,Dayton,ME,69753,,No,
Michael,Martin,MISSING,,,11/02/1994,4245 South Rd,Fairview,RI,58881,,No,
Carol,Garcia,MISSING,45528599946,,12/24/1974,5496 North St,Salem,AL,53827,,No,
Kimberly,Allen,MISSING,53446479494,,03/08/1979,"7155 Elm Rd, Apt. 306",Jamestown,CO,11809,,No,
Gonzalez,Steven,MISSING,91409874197,,11/13/1975,3997 Valley Rd,Burlington,CA,15533,,No,
Joseph,Harris,MISSING,,,06/06/1960,260 Spring St,Salem,MT,60985,,No,
Carter,Donald,MISSING,27605044519,,03/10/1968,3151 Elm Rd,Clayton,MS,94316,,No,
Sandra,Morris,MISSING,71344033057,,12/08/1985,"8080 Meadow Ln, Apt. 640",Burlington,TN,78750,,No,
Margaret,Taylor,Margaret.Taylor+619618@example.com,58011324960,,03/24/1988,,,,,VIP client,No,
Margaret,Taylor,Margaret.Taylor+979986@example.com,12437758037,,12/26/1966,,,,,Interested in facial treatments,No,
Mark,Johnson,Mark.Johnson+690028@example.com,19476501291,,10/17/1989,,,,,Needs consultation first,No,
Mark,Moore,Mark.Moore+968470@example.com,39762604459,,08/01/1998,,,,,New client - referred by Dr. Johnson,No,
Mark,Morris,Mark.Morris+299434@example.com,75342669183,,03/21/1992,,,,,Interested in membership,No,
Mark,Reed,Mark.Reed+759344@example.com,99689551548,,05/12/1977,,,,,New client - referred by Dr. Johnson,No,
Mark,Sanchez,Mark.Sanchez+411414@example.com,55102743828,,01/13/1989,,,,,Reschedule required,No,
Mark,Thompson,Mark.Thompson+822492@example.com,,,06/18/1983,,,,,,No,
Mark,Walker,Mark.Walker+785149@example.com,,,04/22/1966,,,,,Cancelled last appointment,No,
Mary,Harris,Mary.Harris+438396@example.com,64699536353,,04/18/1987,,,,,Allergic to lidocaine,No,
Mary,King,Mary.King+130361@example.com,93947036228,,07/08/1966,,,,,Referred by friend,No,
Mary,Robinson,Mary.Robinson+320409@example.com,,,12/05/1981,,,,,Prefers Dr. Smith,No,
Mary,Sanchez,Mary.Sanchez+509198@example.com,93347759550,,12/01/1998,,,,,Cancelled last appointment,No,
Matthew,Allen,Matthew.Allen+507127@example.com,19637506931,,09/07/1982,,,,,Cancelled last appointment,No,
Matthew,Johnson,Matthew.Johnson+704202@example.com,71388745790,,09/04/1982,,,,,Reschedule required,No,
Matthew,Jones,Matthew.Jones+446722@example.com,,,04/13/1995,,,,,Needs consultation first,No,
Matthew,Perez,Matthew.Perez+204489@example.com,39871854594,,04/26/1975,,,,,Interested in facial treatments,No,
Matthew,Thompson,Matthew.Thompson+527916@example.com,61687892845,,06/12/1990,,,,,Needs consultation first,No,
Matthew,Turner,Matthew.Turner+977318@example.com,12757531044,,03/17/1980,,,,,Prefers afternoon appointments,No,
Melissa,Evans,Melissa.Evans+837497@example.com,61517217395,,03/28/1993,,,,,Previous botox at competitor,No,
Melissa,King,Melissa.King+835567@example.com,86488768330,,03/28/1979,,,,,Prefers Dr. Smith,No,
Melissa,Perez,Melissa.Perez+371733@example.com,26699738208,,08/15/1968,,,,,Allergic to lidocaine,No,
Melissa,Sanchez,Melissa.Sanchez+454846@example.com,75735905628,,04/16/1962,,,,,Reschedule required,No,
Michael,Jones,Michael.Jones+268144@example.com,73432908899,,11/17/1968,,,,,,No,
Michael,Moore,Michael.Moore+847295@example.com,23409027545,,08/23/1964,,,,,Reschedule required,No,
Michael,Sanchez,Michael.Sanchez+895930@example.com,94794698821,,07/07/1998,,,,,Interested in membership,No,
Michelle,Cook,Michelle.Cook+690777@example.com,,,12/15/1961,,,,,Cancelled last appointment,No,
Michelle,Evans,Michelle.Evans+372017@example.com,,,01/03/1975,,,,,Cancelled last appointment,No,
Michelle,Mitchell,Michelle.Mitchell+191799@example.com,,,06/09/1999,,,,,Reschedule required,No,
Michelle,Morris,Michelle.Morris+447437@example.com,28958526453,,11/09/1968,,,,,Referred by friend,No,
Michelle,Morris,Michelle.Morris+471463@example.com,17402368946,,03/24/1971,,,,,Reschedule required,No,
Michelle,Parker,Michelle.Parker+206697@example.com,49162864008,,07/04/1990,,,,,First-time client,No,
Michelle,Stewart,Michelle.Stewart+176503@example.com,47627896700,,07/02/1961,,,,,Previous botox at competitor,No,
Michelle,Thomas,Michelle.Thomas+678496@example.com,55625066878,,12/27/1996,,,,,First-time client,No,
Michelle,Wright,Michelle.Wright+999482@example.com,72541472593,,06/05/1989,,,,,Reschedule required,No,
Nancy,Hernandez,Nancy.Hernandez+276740@example.com,24104113439,,08/09/1979,,,,,Gift card recipient,No,
Nancy,Hill,Nancy.Hill+782809@example.com,,,06/09/1976,,,,,Previous botox at competitor,No,
Nancy,Jones,Nancy.Jones+115940@example.com,,,10/28/1983,,,,,Previous botox at competitor,No,
Nancy,Mitchell,Nancy.Mitchell+917069@example.com,95664319133,,01/18/1979,,,,,Prefers afternoon appointments,No,
Nancy,Moore,Nancy.Moore+314845@example.com,51198554659,,05/28/1993,,,,,Reschedule required,No,
Nancy,Rodriguez,Nancy.Rodriguez+834543@example.com,,,07/11/1967,,,,,Needs consultation first,No,
Patricia,Johnson,Patricia.Johnson+711025@example.com,85047759086,,04/17/1967,,,,,Interested in facial treatments,No,
Patricia,Robinson,Patricia.Robinson+842170@example.com,,,03/07/1980,,,,,Allergic to lidocaine,No,
Patricia,Wright,Patricia.Wright+535305@example.com,38527229385,,11/19/1974,,,,,Previous botox at competitor,No,
Paul,Adams,Paul.Adams+114785@example.com,93841214415,,10/20/1978,,,,,Needs consultation first,No,
Paul,Anderson,Paul.Anderson+801802@example.com,,,06/22/1966,,,,,,No,
Paul,Baker,Paul.Baker+182916@example.com,,,08/15/1984,,,,,Sensitive skin,No,
Paul,Hill,Paul.Hill+199231@example.com,,,03/11/1967,,,,,Cancelled last appointment,No,
Paul,Martin,Paul.Martin+440010@example.com,82638662839,,02/24/1965,,,,,Allergic to lidocaine,No,
Paul,Parker,Paul.Parker+289985@example.com,,,05/24/1992,,,,,Reschedule required,No,
Paul,Stewart,Paul.Stewart+137818@example.com,49289946682,,08/21/1961,,,,,Prefers afternoon appointments,No,
Paul,Stewart,Paul.Stewart+341448@example.com,,,10/10/1964,,,,,Interested in membership,No,
Paul,Young,Paul.Young+188785@example.com,98139551407,,11/24/1981,,,,,Referred by friend,No,
Rebecca,Baker,Rebecca.Baker+824948@example.com,,,06/03/1975,,,,,Needs consultation first,No,
Rebecca,Clark,Rebecca.Clark+207251@example.com,,,05/28/1994,,,,,New client - referred by Dr. Johnson,No,
Rebecca,Harris,Rebecca.Harris+644463@example.com,,,05/20/1991,,,,,New client - referred by Dr. Johnson,No,
Rebecca,Jackson,Rebecca.Jackson+432493@example.com,83082309219,,08/09/1984,,,,,Needs consultation first,No,
Rebecca,Mitchell,Rebecca.Mitchell+640478@example.com,36346249873,,12/13/1995,,,,,Prefers Dr. Smith,No,
Richard,Hall,Richard.Hall+721870@example.com,46617354469,,08/10/1960,,,,,VIP client,No,
Richard,Hill,Richard.Hill+814906@example.com,73783033474,,04/08/1966,,,,,First-time client,No,
Richard,Johnson,Richard.Johnson+215914@example.com,,,05/10/1962,,,,,Interested in membership,No,
Richard,Moore,Richard.Moore+268350@example.com,68277726625,,09/08/1965,,,,,Needs consultation first,No,
Richard,Wilson,Richard.Wilson+265657@example.com,61614432716,,02/25/2000,,,,,Reschedule required,No,
Robert,Allen,Robert.Allen+791911@example.com,82364376301,,09/21/1994,,,,,Interested in facial treatments,No,
Robert,Brown,Robert.Brown+945620@example.com,,,06/17/1992,,,,,Interested in membership,No,
Robert,Davis,Robert.Davis+933330@example.com,98349601618,,02/28/1983,,,,,Reschedule required,No,
Robert,Garcia,Robert.Garcia+463846@example.com,51116598214,,02/18/1961,,,,,VIP client,No,
Robert,Garcia,Robert.Garcia+537454@example.com,46986777779,,07/16/1977,,,,,VIP client,No,
Robert,Gonzalez,Robert.Gonzalez+314933@example.com,87662821408,,02/06/2000,,,,,VIP client,No,
Robert,Green,Robert.Green+892071@example.com,,,07/27/1967,,,,,Previous botox at competitor,No,
Robert,Johnson,Robert.Johnson+996385@example.com,,,10/12/1964,,,,,,No,
Robert,Jones,Robert.Jones+593823@example.com,96365427643,,05/26/1994,,,,,Reschedule required,No,
Robert,Sanchez,Robert.Sanchez+728802@example.com,22582801450,,06/18/1979,,,,,First-time client,No,
Robert,Wright,Robert.Wright+998173@example.com,,,01/16/1982,,,,,Gift card recipient,No,
Ronald,Clark,Ronald.Clark+543746@example.com,97138446581,,12/26/1960,,,,,Prefers Dr. Smith,No,
Ronald,Davis,Ronald.Davis+374893@example.com,43572547485,,06/21/1973,,,,,Cancelled last appointment,No,
Ronald,Lewis,Ronald.Lewis+226913@example.com,,,07/15/1997,,,,,Referred by friend,No,
Ronald,Williams,Ronald.Williams+294307@example.com,63531338693,,05/07/1962,,,,,Interested in membership,No,
Sandra,Johnson,Sandra.Johnson+778200@example.com,88588381152,,02/03/1992,,,,,Cancelled last appointment,No,
Sandra,Nelson,Sandra.Nelson+617151@example.com,66222552630,,03/28/1998,,,,,,No,
Sarah,Allen,Sarah.Allen+716956@example.com,,,10/06/1966,,,,,Interested in facial treatments,No,
Sarah,Green,Sarah.Green+510792@example.com,78487129205,,11/27/1986,,,,,VIP client,No,
Sarah,Jackson,Sarah.Jackson+131388@example.com,79463775721,,12/17/1971,,,,,,No,
Sarah,Jackson,Sarah.Jackson+951639@example.com,34771626010,,07/18/1989,,,,,,No,
Sarah,Smith,Sarah.Smith+599832@example.com,19349099394,,09/27/1982,,,,,Previous botox at competitor,No,
Sarah,Williams,Sarah.Williams+795443@example.com,26071802163,,06/24/1981,,,,,Previous botox at competitor,No,
Sharon,Anderson,Sharon.Anderson+634177@example.com,54832241075,,05/13/1963,,,,,Prefers afternoon appointments,No,
Sharon,Cook,Sharon.Cook+690604@example.com,62619462519,,12/11/1977,,,,,Prefers Dr. Smith,No,
Sharon,Lee,Sharon.Lee+725857@example.com,22318814497,,12/18/1970,,,,,Cancelled last appointment,No,
Sharon,Lopez,Sharon.Lopez+606214@example.com,91902399238,,08/16/1963,,,,,Gift card recipient,No,
Sharon,Rogers,Sharon.Rogers+991345@example.com,87234396298,,03/04/1962,,,,,Reschedule required,No,
Sharon,Thompson,Sharon.Thompson+175644@example.com,51064356034,,04/08/1974,,,,,Allergic to lidocaine,No,
Stephanie,Carter,Stephanie.Carter+969204@example.com,,,01/28/1972,,,,,Cancelled last appointment,No,
Stephanie,Jackson,Stephanie.Jackson+980151@example.com,,,04/22/1996,,,,,Interested in facial treatments,No,
Stephanie,Morris,Stephanie.Morris+226325@example.com,39502292031,,06/28/1985,,,,,Interested in facial treatments,No,
Stephanie,Phillips,Stephanie.Phillips+440141@example.com,13002253514,,06/04/1985,,,,,Reschedule required,No,
Stephanie,Sanchez,Stephanie.Sanchez+931409@example.com,66755186890,,06/07/1986,,,,,First-time client,No,
Steven,Baker,Steven.Baker+756203@example.com,16585254138,,09/21/1987,,,,,Interested in facial treatments,No,
Steven,Green,Steven.Green+861053@example.com,,,01/27/1989,,,,,Referred by friend,No,
Steven,Lewis,Steven.Lewis+517856@example.com,64435874267,,04/24/1985,,,,,Referred by friend,No,
Steven,Nelson,Steven.Nelson+819702@example.com,15393892909,,08/16/1961,,,,,Reschedule required,No,
Steven,Rogers,Steven.Rogers+367620@example.com,,,11/19/1983,,,,,Reschedule required,No,
Susan,Cook,Susan.Cook+575371@example.com,,,09/09/1967,,,,,Prefers afternoon appointments,No,
Susan,Garcia,Susan.Garcia+306539@example.com,96232844732,,05/07/1979,,,,,Cancelled last appointment,No,
Susan,Gonzalez,Susan.Gonzalez+814459@example.com,,,04/26/1962,,,,,Gift card recipient,No,
Susan,Green,Susan.Green+510220@example.com,18591332376,,05/19/1964,,,,,Gift card recipient,No,
Susan,Miller,Susan.Miller+567281@example.com,,,07/05/1969,,,,,Allergic to lidocaine,No,
Susan,Sanchez,Susan.Sanchez+509987@example.com,29704385295,,09/02/1974,,,,,First-time client,No,
Susan,Stewart,Susan.Stewart+703508@example.com,,,01/26/1968,,,,,New client - referred by Dr. Johnson,No,
Thomas,Edwards,Thomas.Edwards+939592@example.com,29784258685,,10/08/1968,,,,,Previous botox at competitor,No,
Thomas,Jones,Thomas.Jones+616131@example.com,34227893217,,05/14/1973,,,,,,No,
Thomas,Lewis,Thomas.Lewis+404621@example.com,31877391522,,08/22/1987,,,,,Prefers Dr. Smith,No,
Thomas,Parker,Thomas.Parker+281417@example.com,76385161491,,11/09/1986,,,,,Allergic to lidocaine,No,
Thomas,Young,Thomas.Young+435313@example.com,98349379989,,10/16/1961,,,,,Prefers afternoon appointments,No,
Timothy,Adams,Timothy.Adams+239638@example.com,43164066445,,09/13/1980,,,,,,No,
Timothy,Adams,Timothy.Adams+675474@example.com,39485353617,,06/07/1999,,,,,,No,
Timothy,Davis,Timothy.Davis+213921@example.com,61992278723,,07/11/1981,,,,,Referred by friend,No,
Timothy,Evans,Timothy.Evans+670506@example.com,21237834532,,10/03/1983,,,,,Interested in facial treatments,No,
Timothy,Johnson,Timothy.Johnson+216379@example.com,,,11/11/1999,,,,,Reschedule required,No,
Timothy,Lopez,Timothy.Lopez+890665@example.com,64702817908,,10/20/1962,,,,,Cancelled last appointment,No,
Timothy,Roberts,Timothy.Roberts+528614@example.com,63081546874,,02/26/1980,,,,,Needs consultation first,No,
Timothy,Scott,Timothy.Scott+848781@example.com,98361483195,,02/22/1961,,,,,Previous botox at competitor,No,
Timothy,White,Timothy.White+634430@example.com,,,06/02/1961,,,,,Interested in membership,No,
Timothy,Wright,Timothy.Wright+503260@example.com,91774717364,,01/14/1973,,,,,Prefers afternoon appointments,No,
William,Brown,William.Brown+798514@example.com,59661229533,,02/14/1983,,,,,Interested in facial treatments,No,
William,Garcia,William.Garcia+455418@example.com,,,04/05/1967,,,,,Previous botox at competitor,No,
William,Hill,William.Hill+929454@example.com,25315574926,,11/08/1962,,,,,Cancelled last appointment,No,
William,Jackson,William.Jackson+362945@example.com,67872569184,,12/11/1989,,,,,Prefers Dr. Smith,No,
William,Rodriguez,William.Rodriguez+799428@example.com,98458488317,,09/25/1961,,,,,Interested in facial treatments,No,
William,Walker,William.Walker+594350@example.com,71492822651,,12/01/1963,,,,,First-time client,No,
Amanda,Campbell,amanda.campbell+589303@example.com,,,09/22/1968,"9005 Spring St, Apt. 669",Newport,RI,23168,,No,
Amanda,Cook,amanda.cook+137580@example.com,,,02/18/1975,"6311 Meadow Ln, Apt. 725",Georgetown,IN,37449,,No,
Amanda,Cook,amanda.cook+717677@example.com,,,11/12/1991,1531 South Rd,Oxford,SD,12421,,No,
Harris,Amanda,amanda.harris+808978@example.com,89482311719,,01/21/1971,8681 Sunset Blvd,Oxford,TX,15758,,No,
Amanda,Mitchell,amanda.mitchell+229235@example.com,84597653375,,02/14/1992,"5032 North St, Apt. 754",Fairview,MA,49272,,No,
Turner,Amanda,amanda.turner+758829@example.com,16142557884,,07/21/1985,7579 Washington Ave,Clinton,CT,30949,,No,
Andrew,Garcia,andrew.garcia+535526@example.com,,,10/25/1998,"602 Valley Rd, Apt. 292",Centerville,NH,54176,,No,
Hernandez,Andrew,andrew.hernandez+626618@example.com,69526686057,,02/10/1962,865 Valley Rd,Kingston,TX,17812,,No,
Andrew,Hernandez,andrew.hernandez+881643@example.com,48065558891,,09/03/1961,"5970 Elm Rd, Apt. 880",Milton,MT,12279,,No,
Jackson,Andrew,andrew.jackson+776828@example.com,98134303306,,04/04/1962,3893 Oak Ave,Milton,ID,14036,,No,
Andrew,Lee,andrew.lee+731313@example.com,19459187385,,05/21/1986,"5178 Hill St, Apt. 963",Winchester,NH,25052,,No,
Martin,Andrew,andrew.martin+203846@example.com,92833192642,,05/14/1966,355 Spring St,Lexington,MS,12911,,No,
Miller,Andrew,andrew.miller+220513@example.com,,,09/05/1982,"4219 Washington Ave, Apt. 832",Burlington,MI,12917,,No,
Andrew,Moore,andrew.moore+626878@example.com,,,03/03/1961,"1775 Pine St, Apt. 494",Newport,DE,28363,,No,
Morris,Andrew,andrew.morris+610674@example.com,,,09/15/1976,6677 Spring St,Springfield,WV,38629,,No,
Andrew,Taylor,andrew.taylor+329944@example.com,,,03/01/1979,6404 Meadow Ln,Fairview,HI,87260,,No,
Walker,Andrew,andrew.walker+919273@example.com,98986987153,,06/07/1961,"4747 Spring St, Apt. 941",Lebanon,SD,10317,,No,
Young,Andrew,andrew.young+696369@example.com,15079186595,,05/16/1960,9987 Washington Ave,Arlington,IN,30580,,No,
Collins,Anthony,anthony.collins+143915@example.com,,,09/11/1973,2102 Valley Rd,Greenville,SC,78484,,No,
Anthony,Lewis,anthony.lewis+745234@example.com,,,06/28/1986,4226 Cedar Ln,Oxford,DE,73410,,No,
Anthony,Nelson,anthony.nelson+101819@example.com,44239727444,,05/01/1964,4644 Cedar Ln,Fairview,ME,43424,,No,
Anthony,Reed,anthony.reed+876776@example.com,83159191847,,05/16/1985,"870 Spring St, Apt. 225",Bristol,FL,10456,,No,
Turner,Anthony,anthony.turner+577873@example.com,24716986467,,01/05/1983,9020 Park Blvd,Bristol,WV,75652,,No,
Anderson,Ashley,ashley.anderson+495274@example.com,81443485759,,06/23/1966,"5395 Cedar Ln, Apt. 779",Dover,ME,31423,,No,
Ashley,Evans,ashley.evans+326620@example.com,75725225702,,04/16/1984,9989 Valley Rd,Georgetown,KY,72457,,No,
Ashley,Parker,ashley.parker+836130@example.com,,,01/15/1985,5528 River Rd,Fairview,KY,96901,,No,
Thomas,Ashley,ashley.thomas+824707@example.com,84812801795,,05/28/1975,"9300 Washington Ave, Apt. 817",Lexington,IN,57222,,No,
Ashley,Walker,ashley.walker+285423@example.com,11928545647,,05/08/2000,"4281 Cedar Ln, Apt. 683",Clayton,WY,97613,,No,
Ashley,Wilson,ashley.wilson+534024@example.com,,,02/11/1960,8547 Park Blvd,Riverside,MD,59011,,No,
Barbara,Campbell,barbara.campbell+308507@example.com,15487368735,,09/12/1961,5159 Washington Ave,Newport,VT,47129,,No,
Barbara,Jackson,barbara.jackson+749738@example.com,29078479520,,05/21/1963,"4309 Elm Rd, Apt. 97",Jamestown,SD,47004,,No,
Betty,Campbell,betty.campbell+236055@example.com,,,03/17/1998,9202 Valley Rd,Springfield,GA,67297,,No,
Carter,Betty,betty.carter+114150@example.com,,,11/12/1960,"2092 Church St, Apt. 175",Burlington,CT,68667,,No,
Collins,Betty,betty.collins+716486@example.com,95434311710,,07/23/1979,"5776 River Rd, Apt. 808",Dayton,AL,89838,,No,
Lopez,Betty,betty.lopez+655208@example.com,61028399497,,01/08/1970,4059 Forest Ave,Lebanon,MN,37891,,No,
Betty,Morris,betty.morris+729177@example.com,,,12/27/1983,4557 Park Blvd,Georgetown,NV,23430,,No,
Roberts,Betty,betty.roberts+726629@example.com,,,05/06/1982,"6249 Church St, Apt. 596",Springfield,TX,48567,,No,
Smith,Betty,betty.smith+361737@example.com,23933131906,,11/10/1999,4712 Cedar Ln,Madison,ME,52117,,No,
Betty,Turner,betty.turner+804615@example.com,,,01/13/1963,"5588 South Rd, Apt. 791",Salem,CO,86413,,No,
Betty,White,betty.white+751358@example.com,,,06/06/1982,"935 River Rd, Apt. 136",Clayton,MN,71049,,No,
Brian,Allen,brian.allen+726878@example.com,15169685068,,02/10/1962,"6394 Main St, Apt. 893",Dover,NV,60296,,No,
Brian,Campbell,brian.campbell+364314@example.com,,,11/22/1989,"6726 Spring St, Apt. 853",Riverside,IL,36978,,No,
Phillips,Brian,brian.phillips+437428@example.com,72922407503,,03/05/1995,"9173 Lake View Dr, Apt. 897",Georgetown,ME,63090,,No,
Allen,Carol,carol.allen+968633@example.com,,,03/02/1978,1078 Main St,Clinton,MT,74955,,No,
Carol,Hernandez,carol.hernandez+358957@example.com,65185943362,,10/04/1966,1565 Oak Ave,Georgetown,CO,88381,,No,
Carol,Jones,carol.jones+893007@example.com,22815542493,,07/05/1994,1780 Spring St,Riverside,CO,75607,,No,
Lopez,Carol,carol.lopez+674656@example.com,72845232107,,08/07/1976,"7203 Valley Rd, Apt. 17",Riverside,IA,87627,,No,
Moore,Carol,carol.moore+310349@example.com,,,01/18/1962,"3664 Lake View Dr, Apt. 314",Lebanon,NY,41808,,No,
Carol,Taylor,carol.taylor+330858@example.com,,,07/09/1961,"1289 Washington Ave, Apt. 587",Newport,TX,50239,,No,
Carol,Young,carol.young+209020@example.com,78503369622,,02/25/1998,"4558 Main St, Apt. 496",Milton,AR,69284,,No,
Charles,Hill,charles.hill+266505@example.com,24341964163,,10/27/1997,"3433 Elm Rd, Apt. 993",Dayton,SD,67113,,No,
Charles,Thompson,charles.thompson+198709@example.com,23715328807,,04/02/1996,9157 Church St,Springfield,VT,49501,,No,
Williams,Charles,charles.williams+648635@example.com,68224583202,,05/21/1964,3935 Maple Dr,Oakland,DE,95919,,No,
Charles,Wilson,charles.wilson+298248@example.com,88479269518,,10/14/1998,"7021 North St, Apt. 147",Oxford,KS,76727,,No,
Christopher,Martin,christopher.martin+973758@example.com,74054219105,,05/06/1978,"7170 Church St, Apt. 192",Springfield,NV,69738,,No,
Christopher,Rodriguez,christopher.rodriguez+163190@example.com,73486606872,,05/03/1993,"1162 Forest Ave, Apt. 299",Riverside,WV,45629,,No,
Rogers,Christopher,christopher.rogers+492431@example.com,35449646269,,06/10/1980,9589 Park Blvd,Lexington,WI,34614,,No,
Christopher,Rogers,christopher.rogers+706587@example.com,36279891767,,12/22/1967,"9547 Church St, Apt. 791",Bristol,ND,82863,,No,
Taylor,Christopher,christopher.taylor+880701@example.com,76012198344,,01/18/1997,1070 Park Blvd,Milton,DE,97149,,No,
Daniel,Adams,daniel.adams+317029@example.com,62932983670,,09/11/1994,1718 Oak Ave,Newport,CA,51252,,No,
Daniel,Campbell,daniel.campbell+616930@example.com,87199393031,,02/05/1982,"6632 Sunset Blvd, Apt. 117",Jamestown,MI,13081,,No,
Clark,Daniel,daniel.clark+315306@example.com,62655419907,,06/01/1996,"7000 Forest Ave, Apt. 689",Springfield,IA,93386,,No,
Daniel,Jones,daniel.jones+990645@example.com,65633033314,,08/27/1962,"3892 Meadow Ln, Apt. 908",Burlington,MS,77334,,No,
Daniel,Miller,daniel.miller+267018@example.com,86057089104,,04/23/1996,7200 Oak Ave,Jamestown,WV,69309,,No,
Roberts,Daniel,daniel.roberts+761262@example.com,,,08/08/1976,"3546 Spring St, Apt. 821",Lexington,VT,19199,,No,
Daniel,Walker,daniel.walker+610339@example.com,47997064875,,07/05/1970,"2998 South Rd, Apt. 110",Centerville,SD,92701,,No,
Daniel,Wilson,daniel.wilson+558258@example.com,,,12/16/1990,"2478 Church St, Apt. 782",Burlington,NJ,31267,,No,
Scott,David,david.scott+302808@example.com,,,07/09/1970,"4379 Spring St, Apt. 734",Burlington,OR,18430,,No,
David,Walker,david.walker+328811@example.com,99919255099,,05/08/1972,2998 Spring St,Jamestown,TN,63931,,No,
David,Wilson,david.wilson+949597@example.com,,,10/22/1968,"4587 Maple Dr, Apt. 510",Springfield,NH,96022,,No,
David,Wright,david.wright+442972@example.com,73798474543,,02/18/1974,"5896 Park Blvd, Apt. 264",Madison,IA,42642,,No,
Davis,Deborah,deborah.davis+737675@example.com,78571269579,,08/21/1980,"1152 Washington Ave, Apt. 323",Greenville,TX,90396,,No,
Edwards,Deborah,deborah.edwards+447129@example.com,,,06/19/1981,9018 Sunset Blvd,Oxford,RI,69342,,No,
Hall,Deborah,deborah.hall+213770@example.com,41443673884,,01/13/1972,"2977 Forest Ave, Apt. 478",Clinton,AR,65703,,No,
Johnson,Deborah,deborah.johnson+178767@example.com,,,04/14/2000,"6863 Highland Ave, Apt. 610",Manchester,MS,32000,,No,
Jones,Deborah,deborah.jones+332074@example.com,77306545981,,06/09/1968,9556 Forest Ave,Manchester,NY,90116,,No,
Deborah,Scott,deborah.scott+833703@example.com,21507486499,,08/09/1987,2017 Park Blvd,Fairview,MD,54751,,No,
Wright,Deborah,deborah.wright+315964@example.com,85868411096,,04/04/1995,357 Church St,Burlington,IA,81871,,No,
Campbell,Donald,donald.campbell+358344@example.com,17022343398,,11/16/1970,9280 River Rd,Dayton,NJ,87807,,No,
Donald,Hall,donald.hall+449949@example.com,,,10/12/1995,4357 Forest Ave,Bristol,NE,80674,,No,
Donald,Harris,donald.harris+885290@example.com,53577627421,,06/27/1963,"2481 Church St, Apt. 280",Clayton,MS,46039,,No,
Jones,Donald,donald.jones+270208@example.com,,,08/02/1989,500 South Rd,Franklin,KY,16773,,No,
Lee,Donald,donald.lee+960618@example.com,86975613330,,07/17/1968,3963 Cedar Ln,Madison,NC,14997,,No,
Wright,Donald,donald.wright+868646@example.com,25055406680,,05/13/1970,8297 Hill St,Lebanon,OH,29241,,No,
Donald,Young,donald.young+467922@example.com,52107219476,,01/12/1976,"3507 Church St, Apt. 478",Clayton,ID,24591,,No,
Donna,Campbell,donna.campbell+843666@example.com,27064262414,,02/22/1976,"1191 Park Blvd, Apt. 239",Centerville,SD,42012,,No,
Moore,Donna,donna.moore+819619@example.com,96764392444,,06/18/1968,1135 Hill St,Oxford,KY,58555,,No,
Donna,Morris,donna.morris+164436@example.com,38583944670,,02/21/1995,4928 North St,Lebanon,KS,96629,,No,
Reed,Donna,donna.reed+578744@example.com,74152053020,,09/06/1989,6072 Sunset Blvd,Arlington,MD,30257,,No,
White,Donna,donna.white+546094@example.com,,,02/06/1970,"2903 Oak Ave, Apt. 456",Riverside,AZ,38810,,No,
Dorothy,Cook,dorothy.cook+656275@example.com,,,02/14/1981,"6972 River Rd, Apt. 402",Riverside,WI,70700,,No,
Dorothy,Garcia,dorothy.garcia+866658@example.com,97222266244,,09/19/1988,"9624 Washington Ave, Apt. 26",Bristol,RI,60555,,No,
Gonzalez,Dorothy,dorothy.gonzalez+335235@example.com,23728918822,,04/24/1996,"4061 South Rd, Apt. 328",Salem,SC,82761,,No,
Jones,Dorothy,dorothy.jones+150162@example.com,74495173365,,04/03/1967,"8869 South Rd, Apt. 494",Oxford,SD,89697,,No,
Dorothy,Roberts,dorothy.roberts+346298@example.com,24593651115,,07/21/1975,6654 Pine St,Burlington,TN,45928,,No,
Dorothy,Rogers,dorothy.rogers+398635@example.com,78505769890,,03/21/1974,4154 Hill St,Bristol,OR,69663,,No,
Clark,Edward,edward.clark+916794@example.com,95713265160,,11/11/1986,"8773 Sunset Blvd, Apt. 256",Milton,SD,70427,,No,
Edward,Jackson,edward.jackson+323898@example.com,23325101627,,09/17/1966,"8867 Hill St, Apt. 892",Fairview,SC,13175,,No,
Edward,Reed,edward.reed+142952@example.com,56797317511,,03/19/1978,"3724 Oak Ave, Apt. 324",Georgetown,WV,63655,,No,
Wilson,Edward,edward.wilson+786915@example.com,45327972281,,06/07/1993,2568 Lake View Dr,Burlington,SC,73472,,No,
Garcia,Elizabeth,elizabeth.garcia+920132@example.com,58067612797,,06/08/1975,"8963 Elm Rd, Apt. 711",Manchester,NV,37019,,No,
Nelson,Elizabeth,elizabeth.nelson+299503@example.com,53279481468,,05/25/1982,8883 Meadow Ln,Bristol,SD,94566,,No,
Turner,Elizabeth,elizabeth.turner+470246@example.com,21572544224,,06/08/1961,4459 Oak Ave,Manchester,VA,73207,,No,
Garcia,Emily,emily.garcia+450576@example.com,54451094211,,09/01/1975,6865 Meadow Ln,Clayton,OH,24697,,No,
Emily,Lewis,emily.lewis+933849@example.com,64165054421,,06/25/1991,222 Cedar Ln,Riverside,NJ,98316,,No,
Lopez,Emily,emily.lopez+958878@example.com,32606923031,,12/02/1984,"7677 Elm Rd, Apt. 845",Dover,OH,64318,,No,
Emily,Martin,emily.martin+758149@example.com,65877686770,,08/06/2000,"8210 Washington Ave, Apt. 269",Dover,NC,98992,,No,
Emily,Mitchell,emily.mitchell+131537@example.com,49687682993,,08/05/1988,"807 Sunset Blvd, Apt. 199",Springfield,UT,46468,,No,
Emily,Young,emily.young+511621@example.com,42376542016,,01/06/1989,886 Church St,Bristol,NY,46828,,No,
George,Anderson,george.anderson+266170@example.com,61239094171,,10/28/1963,"1483 Church St, Apt. 929",Milton,VA,65416,,No,
Edwards,George,george.edwards+687128@example.com,96326827138,,02/02/1982,5497 Maple Dr,Ashland,OH,80417,,No,
George,Morris,george.morris+414194@example.com,,,02/04/1978,7107 Valley Rd,Springfield,AL,19412,,No,
George,White,george.white+244603@example.com,51101199099,,07/26/1975,"156 Valley Rd, Apt. 2",Bristol,NV,10806,,No,
Lee,James,james.lee+201829@example.com,,,05/15/1968,2646 Sunset Blvd,Greenville,AZ,18997,,No,
James,Morris,james.morris+985149@example.com,54556796532,,03/06/1971,8732 Highland Ave,Centerville,ID,78841,,No,
Jason,Allen,jason.allen+941229@example.com,,,02/19/1965,2211 Lake View Dr,Madison,MI,37684,,No,
Jason,Green,jason.green+300564@example.com,46019988716,,06/20/1979,1638 Spring St,Madison,MO,33392,,No,
Jason,King,jason.king+992446@example.com,37957762237,,11/25/1976,"9575 Valley Rd, Apt. 394",Kingston,MT,30784,,No,
Martin,Jason,jason.martin+827362@example.com,21541579047,,02/19/1986,6463 Lake View Dr,Lexington,ND,59136,,No,
Jason,Turner,jason.turner+287229@example.com,94908946405,,02/24/1978,"9790 Oak Ave, Apt. 116",Lexington,ID,11514,,No,
Jennifer,Anderson,jennifer.anderson+296121@example.com,78442755303,,04/06/1978,2301 Main St,Centerville,MT,11242,,No,
Anderson,Jennifer,jennifer.anderson+390500@example.com,51237853263,,12/04/1961,"9837 Main St, Apt. 149",Dayton,MD,57946,,No,
Green,Jennifer,jennifer.green+137800@example.com,53541795516,,04/05/1978,"9920 North St, Apt. 122",Burlington,WY,12286,,No,
Wilson,Jennifer,jennifer.wilson+940369@example.com,49665574406,,10/01/1992,1542 Spring St,Oakland,WV,78469,,No,
Davis,Jessica,jessica.davis+257511@example.com,98754306240,,10/06/1996,7551 Park Blvd,Burlington,AK,60197,,No,
Johnson,Jessica,jessica.johnson+295059@example.com,77549756388,,03/10/1976,"8494 Meadow Ln, Apt. 884",Dover,TN,16478,,No,
Jessica,Lee,jessica.lee+850754@example.com,23803285707,,08/25/1985,"9390 River Rd, Apt. 663",Jamestown,LA,90636,,No,
Jessica,Lopez,jessica.lopez+872126@example.com,29292755346,,10/27/1974,5052 Highland Ave,Springfield,CA,29629,,No,
Jessica,Martinez,jessica.martinez+149449@example.com,,,04/10/1985,"1292 Hill St, Apt. 916",Manchester,ND,61902,,No,
Williams,Jessica,jessica.williams+632487@example.com,82014823261,,01/01/1989,"7998 Highland Ave, Apt. 343",Clayton,IN,91812,,No,
Garcia,John,john.garcia+145192@example.com,82073911676,,03/05/1975,7149 Hill St,Franklin,NY,20276,,No,
John,Garcia,john.garcia+741763@example.com,81272193928,,11/12/1983,2772 Park Blvd,Franklin,UT,26235,,No,
Morris,John,john.morris+550264@example.com,34876356676,,05/11/1989,"5491 Forest Ave, Apt. 364",Newport,NY,69580,,No,
Wilson,John,john.wilson+495071@example.com,51964952126,,07/19/1974,2009 Sunset Blvd,Springfield,ND,70862,,No,
Gonzalez,Joseph,joseph.gonzalez+528166@example.com,58903765149,,04/28/1985,1501 North St,Dover,SC,87426,,No,
Joseph,Green,joseph.green+467849@example.com,,,09/04/2000,"3153 Pine St, Apt. 191",Fairview,CA,91284,,No,
Wilson,Joseph,joseph.wilson+240571@example.com,46176619349,,09/13/1982,4809 Washington Ave,Lebanon,NE,27190,,No,
Young,Joseph,joseph.young+382607@example.com,84394789219,,11/22/1986,980 Maple Dr,Burlington,AZ,74243,,No,
Joshua,Garcia,joshua.garcia+703201@example.com,95049567716,,03/14/1973,5007 Cedar Ln,Milton,NY,82487,,No,
Joshua,Jackson,joshua.jackson+244091@example.com,,,05/14/1994,1673 Hill St,Jamestown,MT,75763,,No,
Joshua,Jackson,joshua.jackson+278789@example.com,62303726235,,11/18/1982,9829 North St,Burlington,NE,11440,,No,
Joshua,Nelson,joshua.nelson+276030@example.com,56529158968,,08/26/1961,3402 Elm Rd,Salem,NY,39149,,No,
Joshua,Smith,joshua.smith+611441@example.com,26636379041,,10/26/1961,3562 Hill St,Arlington,NJ,12963,,No,
Clark,Karen,karen.clark+334550@example.com,,,03/06/1969,"4409 Lake View Dr, Apt. 878",Dover,UT,88299,,No,
Karen,Morris,karen.morris+295954@example.com,69086171520,,08/20/1978,"8730 Main St, Apt. 229",Georgetown,VT,30710,,No,
Karen,Thomas,karen.thomas+980368@example.com,72781046213,,06/22/1966,"6481 South Rd, Apt. 787",Salem,NV,63021,,No,
Kenneth,Clark,kenneth.clark+978004@example.com,93734775390,,02/26/1990,6955 Lake View Dr,Salem,WV,71514,,No,
Lopez,Kenneth,kenneth.lopez+608380@example.com,26902204493,,04/13/1981,"8569 Oak Ave, Apt. 319",Jamestown,OR,34384,,No,
Mitchell,Kenneth,kenneth.mitchell+285955@example.com,74381041122,,05/02/1979,"4540 Forest Ave, Apt. 649",Fairview,MA,64531,,No,
Kenneth,Walker,kenneth.walker+471010@example.com,19477098732,,09/05/1973,"2074 Pine St, Apt. 522",Fairview,NJ,75902,,No,
Kevin,Allen,kevin.allen+981678@example.com,,,12/20/1998,"2250 Elm Rd, Apt. 248",Burlington,AR,60484,,No,
Kevin,Anderson,kevin.anderson+292347@example.com,,,04/28/1997,645 Meadow Ln,Dayton,NE,83716,,No,
Kevin,Hall,kevin.hall+575140@example.com,,,10/08/1988,"9824 Main St, Apt. 812",Ashland,NH,87715,,No,
Lopez,Kevin,kevin.lopez+954048@example.com,,,06/17/1974,"5361 Forest Ave, Apt. 835",Manchester,AL,23788,,No,
Nelson,Kevin,kevin.nelson+641052@example.com,,,11/10/1970,2659 Meadow Ln,Oakland,IA,99257,,No,
Kevin,Parker,kevin.parker+186698@example.com,19924735904,,12/21/1971,"3213 North St, Apt. 663",Kingston,GA,71104,,No,
Kevin,Perez,kevin.perez+356314@example.com,36575007575,,10/14/1961,3289 Highland Ave,Franklin,RI,42147,,No,
Sanchez,Kevin,kevin.sanchez+423484@example.com,,,05/17/1982,6628 Meadow Ln,Burlington,OK,69208,,No,
Lopez,Kimberly,kimberly.lopez+757993@example.com,,,10/01/1999,6567 Lake View Dr,Burlington,IA,57550,,No,
Stewart,Kimberly,kimberly.stewart+256352@example.com,54538321942,,10/21/1962,"179 Main St, Apt. 6",Bristol,ND,43156,,No,
Kimberly,Thomas,kimberly.thomas+950918@example.com,,,05/22/1996,7904 River Rd,Riverside,SC,85091,,No,
Campbell,Linda,linda.campbell+604723@example.com,,,02/26/1973,"5885 Main St, Apt. 536",Fairview,MN,99794,,No,
Linda,Perez,linda.perez+203568@example.com,72227472685,,03/22/1979,51 Hill St,Burlington,IL,93799,,No,
Reed,Linda,linda.reed+887480@example.com,23792685285,,09/07/1970,"6264 Oak Ave, Apt. 370",Burlington,WI,24053,,No,
White,Linda,linda.white+617913@example.com,61628031564,,09/15/1962,"6889 Pine St, Apt. 477",Burlington,MD,40610,,No,
Linda,Young,linda.young+545166@example.com,99718482684,,06/18/1965,1856 Maple Dr,Madison,ME,82646,,No,
Lisa,Collins,lisa.collins+211268@example.com,,,02/22/1971,"2666 Oak Ave, Apt. 860",Oxford,MN,53764,,No,
Lisa,Green,lisa.green+467916@example.com,82373296072,,01/19/1972,2880 Forest Ave,Winchester,VT,54709,,No,
Reed,Lisa,lisa.reed+430393@example.com,,,10/12/1997,9898 South Rd,Ashland,VA,73981,,No,
Lisa,Turner,lisa.turner+640640@example.com,,,12/02/1963,6723 Elm Rd,Franklin,MD,69844,,No,
Mark,Johnson,mark.johnson+690028@example.com,19476501291,,10/17/1989,"1853 Hill St, Apt. 385",Fairview,OK,11770,,No,
Moore,Mark,mark.moore+968470@example.com,39762604459,,08/01/1998,8253 Highland Ave,Clayton,AK,88507,,No,
Mark,Morris,mark.morris+299434@example.com,75342669183,,03/21/1992,"1000 Lake View Dr, Apt. 992",Arlington,VA,62530,,No,
Mark,Reed,mark.reed+759344@example.com,99689551548,,05/12/1977,8667 Church St,Dover,NJ,41600,,No,
Sanchez,Mark,mark.sanchez+411414@example.com,55102743828,,01/13/1989,8840 Sunset Blvd,Burlington,NH,56251,,No,
Mark,Thompson,mark.thompson+822492@example.com,,,06/18/1983,"1698 Washington Ave, Apt. 843",Salem,HI,92896,,No,
Adams,Mary,mary.adams+362994@example.com,47493583219,,09/28/1985,8843 Elm Rd,Springfield,AR,25552,,No,
Mary,Campbell,mary.campbell+716921@example.com,18904787763,,02/22/1992,"6031 Maple Dr, Apt. 220",Centerville,ME,47933,,No,
Mary,Green,mary.green+488678@example.com,,,01/11/1997,"2116 Valley Rd, Apt. 542",Milton,TX,32968,,No,
Mary,Harris,mary.harris+438396@example.com,64699536353,,04/18/1987,"8606 North St, Apt. 978",Centerville,UT,79594,,No,
Mary,King,mary.king+130361@example.com,93947036228,,07/08/1966,5256 Church St,Dayton,WA,20870,,No,
Mary,Robinson,mary.robinson+320409@example.com,,,12/05/1981,4860 Oak Ave,Madison,MI,88733,,No,
Mary,Sanchez,mary.sanchez+509198@example.com,93347759550,,12/01/1998,"8613 Park Blvd, Apt. 605",Dayton,MA,81695,,No,
Matthew,Allen,matthew.allen+507127@example.com,19637506931,,09/07/1982,"5344 Oak Ave, Apt. 438",Burlington,OK,85242,,No,
Green,Matthew,matthew.green+107662@example.com,23362611038,,09/11/1999,"246 Cedar Ln, Apt. 542",Lexington,ID,76000,,No,
Matthew,Hall,matthew.hall+323531@example.com,,,01/13/1967,9144 Lake View Dr,Burlington,ID,20152,,No,
Jones,Matthew,matthew.jones+446722@example.com,,,04/13/1995,"5810 Washington Ave, Apt. 910",Dayton,RI,92500,,No,
Matthew,Robinson,matthew.robinson+736217@example.com,58406875342,,07/11/1977,7128 Hill St,Arlington,HI,94828,,No,
Matthew,Thompson,matthew.thompson+527916@example.com,61687892845,,06/12/1990,972 Forest Ave,Manchester,ME,20387,,No,
Matthew,Turner,matthew.turner+977318@example.com,12757531044,,03/17/1980,4233 Pine St,Lexington,WV,47952,,No,
Green,Melissa,melissa.green+602994@example.com,41907803606,,01/28/1986,5836 North St,Clinton,NY,49053,,No,
Melissa,Sanchez,melissa.sanchez+454846@example.com,75735905628,,04/16/1962,3458 Washington Ave,Jamestown,IN,82845,,No,
Melissa,Stewart,melissa.stewart+952975@example.com,45887419276,,02/27/1974,144 Church St,Salem,MS,99908,,No,
Melissa,Young,melissa.young+895666@example.com,87446976945,,06/07/1967,"1705 Oak Ave, Apt. 319",Milton,AK,88555,,No,
Michael,King,michael.king+286685@example.com,73773584342,,01/12/1973,472 Valley Rd,Newport,MA,63472,,No,
Michael,Martinez,michael.martinez+136956@example.com,,,10/08/1992,"8992 River Rd, Apt. 237",Franklin,HI,76828,,No,
Moore,Michael,michael.moore+847295@example.com,23409027545,,08/23/1964,6972 Church St,Milton,AK,81020,,No,
Phillips,Michael,michael.phillips+392066@example.com,74838001012,,06/23/1964,"8635 Sunset Blvd, Apt. 271",Milton,CO,45499,,No,
Michelle,Brown,michelle.brown+316819@example.com,,,01/27/1981,"1997 Pine St, Apt. 227",Winchester,TX,10138,,No,
Evans,Michelle,michelle.evans+372017@example.com,,,01/03/1975,6601 Maple Dr,Franklin,HI,34000,,No,
Michelle,King,michelle.king+154264@example.com,83619919017,,02/05/1970,6582 Highland Ave,Franklin,NM,40548,,No,
Martinez,Michelle,michelle.martinez+657227@example.com,38267462600,,02/09/1968,1517 North St,Salem,NY,40795,,No,
Morris,Michelle,michelle.morris+471463@example.com,17402368946,,03/24/1971,4795 Park Blvd,Springfield,TX,56802,,No,
Robinson,Michelle,michelle.robinson+785053@example.com,94388054292,,04/17/1973,"4054 Washington Ave, Apt. 222",Newport,IL,35525,,No,
Michelle,Stewart,michelle.stewart+176503@example.com,47627896700,,07/02/1961,784 Forest Ave,Oakland,MD,47749,,No,
Michelle,Wright,michelle.wright+999482@example.com,72541472593,,06/05/1989,6282 Hill St,Lebanon,NY,50413,,No,
Nancy,Jones,nancy.jones+115940@example.com,,,10/28/1983,3275 Washington Ave,Clinton,AZ,12330,,No,
Lee,Nancy,nancy.lee+544400@example.com,,,03/27/2000,6877 Lake View Dr,Lebanon,NE,34658,,No,
Mitchell,Nancy,nancy.mitchell+917069@example.com,95664319133,,01/18/1979,6676 Maple Dr,Winchester,NM,95528,,No,
Nancy,Rodriguez,nancy.rodriguez+834543@example.com,,,07/11/1967,8548 Main St,Centerville,AZ,36517,,No,
Johnson,Patricia,patricia.johnson+711025@example.com,85047759086,,04/17/1967,"4666 Main St, Apt. 645",Lexington,IL,47902,,No,
Robinson,Patricia,patricia.robinson+842170@example.com,,,03/07/1980,6933 Highland Ave,Milton,NY,31200,,No,
Adams,Paul,paul.adams+114785@example.com,93841214415,,10/20/1978,136 Park Blvd,Springfield,OR,64251,,No,
Paul,Baker,paul.baker+182916@example.com,,,08/15/1984,3615 Highland Ave,Burlington,VA,16950,,No,
Paul,Hall,paul.hall+504433@example.com,58727292202,,06/10/1981,4121 Valley Rd,Burlington,MS,84616,,No,
Paul,Hill,paul.hill+199231@example.com,,,03/11/1967,8602 Forest Ave,Georgetown,TN,35887,,No,
Parker,Paul,paul.parker+289985@example.com,,,05/24/1992,"8068 Cedar Ln, Apt. 781",Jamestown,MD,63787,,No,
Paul,Stewart,paul.stewart+137818@example.com,49289946682,,08/21/1961,"8531 Spring St, Apt. 948",Riverside,NY,95397,,No,
Paul,Stewart,paul.stewart+341448@example.com,,,10/10/1964,3679 Church St,Salem,MN,96974,,No,
Williams,Paul,paul.williams+183256@example.com,16418766773,,07/27/1969,5241 Maple Dr,Burlington,TN,47943,,No,
Paul,Young,paul.young+188785@example.com,98139551407,,11/24/1981,9386 Washington Ave,Georgetown,WI,11156,,No,
Clark,Rebecca,rebecca.clark+207251@example.com,,,05/28/1994,"5921 Valley Rd, Apt. 174",Franklin,VT,86146,,No,
Rebecca,Evans,rebecca.evans+156654@example.com,87102667075,,02/04/1966,4696 North St,Oakland,MA,60819,,No,
Hall,Rebecca,rebecca.hall+743286@example.com,19068256737,,06/12/1981,287 Church St,Springfield,UT,40186,,No,
Rebecca,Harris,rebecca.harris+644463@example.com,,,05/20/1991,5155 Cedar Ln,Oxford,NM,62556,,No,
Miller,Rebecca,rebecca.miller+226655@example.com,,,10/18/1972,9643 Sunset Blvd,Riverside,MI,35099,,No,
Mitchell,Rebecca,rebecca.mitchell+640478@example.com,36346249873,,12/13/1995,2004 Forest Ave,Dover,TN,25697,,No,
Moore,Rebecca,rebecca.moore+740334@example.com,45437782150,,12/23/1997,553 Oak Ave,Oakland,MI,24250,,No,
Richard,Hall,richard.hall+721870@example.com,46617354469,,08/10/1960,"4669 North St, Apt. 263",Lexington,CT,61137,,No,
Hill,Richard,richard.hill+814906@example.com,73783033474,,04/08/1966,7698 Lake View Dr,Kingston,ND,84337,,No,
Richard,Johnson,richard.johnson+201114@example.com,72924598092,,10/03/1990,7264 Pine St,Dover,LA,69786,,No,
Richard,Johnson,richard.johnson+215914@example.com,,,05/10/1962,"2870 Highland Ave, Apt. 670",Fairview,MN,66711,,No,
Richard,Moore,richard.moore+268350@example.com,68277726625,,09/08/1965,"3793 Elm Rd, Apt. 362",Lebanon,NE,88250,,No,
Allen,Robert,robert.allen+791911@example.com,82364376301,,09/21/1994,2958 Cedar Ln,Dover,AL,86023,,No,
Baker,Robert,robert.baker+950383@example.com,27874709831,,10/12/1963,6357 Pine St,Dover,VT,10174,,No,
Brown,Robert,robert.brown+945620@example.com,,,06/17/1992,2103 Church St,Burlington,MN,83206,,No,
Robert,Campbell,robert.campbell+289569@example.com,,,05/19/1993,"3663 Sunset Blvd, Apt. 903",Centerville,HI,96230,,No,
Garcia,Robert,robert.garcia+463846@example.com,51116598214,,02/18/1961,"5786 North St, Apt. 92",Arlington,FL,41513,,No,
Robert,Garcia,robert.garcia+537454@example.com,46986777779,,07/16/1977,"8404 Forest Ave, Apt. 227",Springfield,AL,51284,,No,
Robert,Gonzalez,robert.gonzalez+314933@example.com,87662821408,,02/06/2000,5483 Meadow Ln,Winchester,AZ,37124,,No,
Green,Robert,robert.green+892071@example.com,,,07/27/1967,7832 Park Blvd,Winchester,VT,58062,,No,
Hall,Robert,robert.hall+596999@example.com,92459306959,,04/20/1973,"9261 Cedar Ln, Apt. 548",Lebanon,AZ,63927,,No,
Johnson,Robert,robert.johnson+996385@example.com,,,10/12/1964,"5329 Meadow Ln, Apt. 457",Winchester,AK,31671,,No,
Phillips,Robert,robert.phillips+203042@example.com,,,05/11/1992,"3272 Valley Rd, Apt. 451",Dayton,NE,12229,,No,
Robert,Wright,robert.wright+998173@example.com,,,01/16/1982,4134 North St,Oxford,ID,86555,,No,
Adams,Ronald,ronald.adams+421779@example.com,28217284637,,03/07/1981,8218 Main St,Salem,OK,69747,,No,
Davis,Ronald,ronald.davis+374893@example.com,43572547485,,06/21/1973,"5805 Hill St, Apt. 448",Fairview,RI,76861,,No,
Ronald,Morris,ronald.morris+289328@example.com,38283719956,,02/06/1972,"4067 Pine St, Apt. 992",Oxford,CO,98464,,No,
Sandra,Johnson,sandra.johnson+778200@example.com,88588381152,,02/03/1992,8317 Pine St,Riverside,MT,69648,,No,
Sandra,Scott,sandra.scott+752292@example.com,29382657530,,10/27/1998,"1310 Elm Rd, Apt. 796",Lebanon,NJ,47350,,No,
Sarah,Green,sarah.green+510792@example.com,78487129205,,11/27/1986,6489 Elm Rd,Dayton,VA,76083,,No,
Sarah,Green,sarah.green+607042@example.com,68896161912,,12/25/1993,4294 Maple Dr,Georgetown,NM,83285,,No,
Jackson,Sarah,sarah.jackson+131388@example.com,79463775721,,12/17/1971,7647 Park Blvd,Burlington,RI,74262,,No,
Jackson,Sarah,sarah.jackson+951639@example.com,34771626010,,07/18/1989,8783 Church St,Clinton,VA,16792,,No,
Smith,Sarah,sarah.smith+599832@example.com,19349099394,,09/27/1982,3541 Hill St,Centerville,SC,10575,,No,
Sarah,Williams,sarah.williams+795443@example.com,26071802163,,06/24/1981,"1337 Hill St, Apt. 485",Georgetown,IL,47416,,No,
Lee,Sharon,sharon.lee+725857@example.com,22318814497,,12/18/1970,"5663 Sunset Blvd, Apt. 411",Ashland,AL,97226,,No,
Smith,Sharon,sharon.smith+499494@example.com,,,12/27/1982,2791 Meadow Ln,Centerville,MS,59042,,No,
Thompson,Sharon,sharon.thompson+175644@example.com,51064356034,,04/08/1974,4410 Valley Rd,Greenville,MI,95098,,No,
Sharon,Young,sharon.young+813455@example.com,46878151125,,06/02/1974,"3625 Forest Ave, Apt. 991",Kingston,ID,65036,,No,
Stephanie,Baker,stephanie.baker+727928@example.com,55685575928,,08/10/1967,5033 North St,Clayton,NV,72157,,No,
Robinson,Stephanie,stephanie.robinson+655407@example.com,98499206449,,04/19/1999,"6765 South Rd, Apt. 129",Manchester,FL,92313,,No,
Stephanie,Sanchez,stephanie.sanchez+931409@example.com,66755186890,,06/07/1986,6726 Spring St,Oxford,AK,12826,,No,
Steven,Baker,steven.baker+756203@example.com,16585254138,,09/21/1987,"6606 Valley Rd, Apt. 948",Newport,IA,34994,,No,
Steven,Green,steven.green+861053@example.com,,,01/27/1989,"7342 Meadow Ln, Apt. 229",Springfield,FL,54106,,No,
Lewis,Steven,steven.lewis+517856@example.com,64435874267,,04/24/1985,"106 Valley Rd, Apt. 539",Riverside,TX,49807,,No,
Martin,Steven,steven.martin+540884@example.com,,,08/09/1967,"1288 Highland Ave, Apt. 577",Lexington,CA,38076,,No,
Steven,Nelson,steven.nelson+819702@example.com,15393892909,,08/16/1961,6463 Sunset Blvd,Bristol,OR,71402,,No,
Rogers,Steven,steven.rogers+367620@example.com,,,11/19/1983,6674 Meadow Ln,Ashland,UT,63580,,No,
Cook,Susan,susan.cook+575371@example.com,,,09/09/1967,"8058 Valley Rd, Apt. 945",Milton,ID,98140,,No,
Susan,Gonzalez,susan.gonzalez+814459@example.com,,,04/26/1962,1605 South Rd,Greenville,UT,13149,,No,
Susan,Green,susan.green+510220@example.com,18591332376,,05/19/1964,"2190 Park Blvd, Apt. 557",Georgetown,SC,15013,,No,
Susan,Stewart,susan.stewart+703508@example.com,,,01/26/1968,3849 Meadow Ln,Burlington,VT,31986,,No,
Susan,Taylor,susan.taylor+337895@example.com,46032174807,,07/09/1976,9397 Church St,Dover,VA,78109,,No,
Jones,Thomas,thomas.jones+616131@example.com,34227893217,,05/14/1973,3019 River Rd,Lebanon,NV,54605,,No,
Thomas,Lewis,thomas.lewis+404621@example.com,31877391522,,08/22/1987,3109 River Rd,Oxford,CA,43106,,No,
Thomas,Parker,thomas.parker+281417@example.com,76385161491,,11/09/1986,3940 Pine St,Oakland,TX,60096,,No,
Reed,Thomas,thomas.reed+272990@example.com,51012974932,,08/09/2000,4354 Main St,Springfield,ME,86370,,No,
Walker,Thomas,thomas.walker+514973@example.com,21582592984,,11/09/2000,5989 Sunset Blvd,Burlington,TX,60135,,No,
Williams,Thomas,thomas.williams+697601@example.com,86877959039,,03/19/1993,300 Main St,Clinton,CO,56482,,No,
Young,Thomas,thomas.young+435313@example.com,98349379989,,10/16/1961,8342 North St,Burlington,SD,24093,,No,
Thomas,Young,thomas.young+638499@example.com,76123161530,,03/07/1977,1451 Valley Rd,Kingston,IA,34744,,No,
Timothy,Adams,timothy.adams+294596@example.com,46831142374,,08/25/1980,8327 Forest Ave,Winchester,CA,65831,,No,
Adams,Timothy,timothy.adams+675474@example.com,39485353617,,06/07/1999,6295 Highland Ave,Burlington,TN,37425,,No,
Brown,Timothy,timothy.brown+515945@example.com,,,05/08/1964,3808 North St,Bristol,CA,45496,,No,
Davis,Timothy,timothy.davis+213921@example.com,61992278723,,07/11/1981,"2371 Meadow Ln, Apt. 516",Madison,KY,47715,,No,
Timothy,Harris,timothy.harris+155332@example.com,98481966476,,12/19/1969,479 Church St,Riverside,MI,77265,,No,
Jones,Timothy,timothy.jones+778130@example.com,89683472092,,01/03/1965,"8018 Meadow Ln, Apt. 496",Greenville,GA,49303,,No,
Lopez,Timothy,timothy.lopez+890665@example.com,64702817908,,10/20/1962,3837 Hill St,Franklin,OK,78529,,No,
Martinez,Timothy,timothy.martinez+563543@example.com,,,10/24/1972,"3843 Highland Ave, Apt. 800",Arlington,SC,17109,,No,
Timothy,Roberts,timothy.roberts+528614@example.com,63081546874,,02/26/1980,"22 Oak Ave, Apt. 403",Kingston,TX,75191,,No,
White,Timothy,timothy.white+634430@example.com,,,06/02/1961,8568 Maple Dr,Burlington,AZ,24198,,No,
Timothy,Wright,timothy.wright+503260@example.com,91774717364,,01/14/1973,"7426 Valley Rd, Apt. 768",Newport,WY,89591,,No,
William,Brown,william.brown+798514@example.com,59661229533,,02/14/1983,"461 Elm Rd, Apt. 207",Jamestown,NV,60913,,No,
William,Garcia,william.garcia+455418@example.com,,,04/05/1967,1909 Elm Rd,Greenville,OK,74704,,No,
William,Hernandez,william.hernandez+395154@example.com,,,09/21/1986,6289 Park Blvd,Franklin,IL,55414,,No,
Hill,William,william.hill+929454@example.com,25315574926,,11/08/1962,5968 Spring St,Lexington,MD,48010,,No,
William,Nelson,william.nelson+335164@example.com,77249012789,,07/11/1998,"3908 Sunset Blvd, Apt. 322",Newport,NJ,38691,,No,
Rodriguez,William,william.rodriguez+799428@example.com,98458488317,,09/25/1961,"2610 Sunset Blvd, Apt. 723",Greenville,NV,48250,,No,
Walker,William,william.walker+594350@example.com,71492822651,,12/01/1963,5975 Spring St,Madison,CT,39752,,No,